id,first_name,last_name,email,gender,ip_address
1,Lydia,Mandell,lmandell0@google.ru,Female,18.59.136.167
2,Othilia,McCallion,omccallion1@about.me,Female,2.53.106.222
3,Osmund,Greer,ogreer2@issuu.com,Polygender,81.66.189.124
4,Remus,Heam,rheam3@smugmug.com,Male,101.26.239.221
5,Adolf,Malcolm,amalcolm4@usa.gov,Male,79.10.117.71
6,Em,Ethelstone,eethelstone5@example.com,Male,206.107.180.228
7,Staffard,Colbourn,scolbourn6@state.tx.us,Male,64.20.21.76
8,Betteann,Curm,bcurm7@cnet.com,Female,17.167.113.113
9,Bibbie,Blethin,bblethin8@ifeng.com,Female,116.140.141.225
10,Cletus,Hansberry,chansberry9@ted.com,Male,244.135.116.167
11,Kellen,Pittam,kpittama@abc.net.au,Female,24.75.103.113
12,Humfrey,Scadden,hscaddenb@godaddy.com,Male,197.21.210.243
13,Yvor,Whiten,ywhitenc@topsy.com,Genderqueer,238.253.204.215
14,Geri,Crossman,gcrossmand@people.com.cn,Female,171.190.172.111
15,Shellie,Christofol,schristofole@twitter.com,Female,56.220.153.172
16,Morse,Djurisic,mdjurisicf@ustream.tv,Male,223.151.124.232
17,Florencia,McElhargy,fmcelhargyg@pen.io,Female,51.230.43.83
18,Thelma,Salmon,tsalmonh@freewebs.com,Female,38.241.184.65
19,Florance,Gaffey,fgaffeyi@admin.ch,Female,76.250.66.105
20,Hildegaard,Terbruggen,hterbruggenj@infoseek.co.jp,Female,6.17.13.40
21,Luther,Hill,lhillk@icio.us,Male,15.46.88.16
22,Norry,Crackett,ncrackettl@thetimes.co.uk,Non-binary,123.140.162.219
23,Orazio,Pigeram,opigeramm@free.fr,Male,75.186.38.47
24,Poppy,Schruurs,pschruursn@ucoz.ru,Female,152.1.108.200
25,Evaleen,Granville,egranvilleo@reddit.com,Female,94.139.176.28
26,Corabel,Hards,chardsp@chron.com,Female,111.175.149.147
27,Nevil,Clissett,nclissettq@home.pl,Male,13.77.118.114
28,Corly,Cornes,ccornesr@blogs.com,Female,245.178.147.53
29,Lezley,Wolvey,lwolveys@sogou.com,Male,158.30.221.40
30,Ingram,Porkiss,iporkisst@arstechnica.com,Male,248.197.35.205
31,Trix,Waylett,twaylettu@comcast.net,Female,132.213.91.141
32,Janel,Haskayne,jhaskaynev@dedecms.com,Female,22.195.168.108
33,Mariquilla,Gilfillan,mgilfillanw@cdc.gov,Agender,101.201.83.234
34,Miner,Limprecht,mlimprechtx@huffingtonpost.com,Male,124.196.179.98
35,Caspar,Kinkead,ckinkeady@devhub.com,Male,45.166.145.16
36,Hilton,Bear,hbearz@redcross.org,Male,56.251.232.72
37,Melisent,Leyman,mleyman10@scribd.com,Female,73.209.157.171
38,Tracey,Bleackley,tbleackley11@about.com,Female,212.114.184.230
39,Jeremias,Annesley,jannesley12@flickr.com,Male,74.212.221.231
40,Tedman,Begley,tbegley13@shop-pro.jp,Male,198.86.18.235
41,Frants,Shower,fshower14@photobucket.com,Bigender,128.66.244.172
42,Margie,Poytres,mpoytres15@discovery.com,Female,120.40.240.203
43,Zita,Offen,zoffen16@salon.com,Female,96.59.99.117
44,Hendrik,Fleischer,hfleischer17@i2i.jp,Male,184.202.153.125
45,Alwyn,McCathy,amccathy18@blog.com,Male,138.64.220.92
46,Kalli,Adelsberg,kadelsberg19@netscape.com,Female,153.220.57.119
47,Brooke,Kleisel,bkleisel1a@smugmug.com,Female,235.151.84.245
48,Sonny,McClay,smcclay1b@spotify.com,Polygender,15.57.23.97
49,Gerhardt,Humbee,ghumbee1c@mozilla.com,Male,219.127.168.195
50,Nev,Darragon,ndarragon1d@columbia.edu,Male,199.124.93.163
51,Cleon,Dinnies,cdinnies1e@telegraph.co.uk,Male,62.37.161.242
52,Harlen,Jeanes,hjeanes1f@shareasale.com,Male,54.183.104.184
53,Saundra,Ruddom,sruddom1g@typepad.com,Male,81.48.38.154
54,Anjela,Calloway,acalloway1h@google.com.au,Female,206.236.200.116
55,Paxton,Portsmouth,pportsmouth1i@gov.uk,Male,161.169.203.75
56,Humfrey,Meyer,hmeyer1j@harvard.edu,Male,208.192.251.206
57,Carly,Riediger,criediger1k@hibu.com,Polygender,18.159.120.225
58,Curry,Bertson,cbertson1l@plala.or.jp,Male,107.51.130.38
59,Floris,Presland,fpresland1m@reference.com,Genderfluid,28.100.133.35
60,Farleigh,Jessett,fjessett1n@photobucket.com,Male,250.250.72.236
61,Morgan,Ramard,mramard1o@forbes.com,Male,237.168.226.90
62,Lorelei,Heinig,lheinig1p@google.co.uk,Female,121.161.66.76
63,Garrard,Duddan,gduddan1q@sbwire.com,Agender,190.95.149.107
64,Humbert,California,hcalifornia1r@berkeley.edu,Male,81.126.74.186
65,James,Clemenson,jclemenson1s@ibm.com,Male,89.151.133.143
66,Doralyn,Suffield,dsuffield1t@webnode.com,Female,172.239.46.37
67,Oby,Cursons,ocursons1u@loc.gov,Male,15.1.211.165
68,Nikki,Cleife,ncleife1v@yolasite.com,Male,70.137.182.51
69,Candis,Pidon,cpidon1w@samsung.com,Female,253.204.27.35
70,Noami,Dreye,ndreye1x@elegantthemes.com,Female,4.84.130.84
71,Evan,Clutterham,eclutterham1y@phpbb.com,Male,255.136.79.160
72,Mariellen,Killigrew,mkilligrew1z@usnews.com,Agender,33.117.28.160
73,Otto,Aseef,oaseef20@independent.co.uk,Male,200.199.111.206
74,Fabio,Sayburn,fsayburn21@facebook.com,Male,213.2.213.207
75,Bobinette,Chape,bchape22@imdb.com,Female,93.34.93.210
76,Kalvin,Docket,kdocket23@ca.gov,Male,55.81.117.55
77,Michelle,Wilfinger,mwilfinger24@sun.com,Female,121.131.177.31
78,Reagen,Pulsford,rpulsford25@naver.com,Male,180.212.52.72
79,Shandra,Riddick,sriddick26@bloglines.com,Female,40.147.71.47
80,Dorolice,Ariss,dariss27@webnode.com,Female,30.200.239.132
81,Theresa,Jelkes,tjelkes28@edublogs.org,Female,100.6.160.178
82,Yevette,Southerden,ysoutherden29@fastcompany.com,Female,198.103.180.251
83,Luca,Witts,lwitts2a@hexun.com,Male,141.81.104.227
84,Foster,Baal,fbaal2b@alibaba.com,Male,159.78.13.162
85,Mira,Worsley,mworsley2c@dagondesign.com,Female,18.27.175.255
86,Theresa,Bridat,tbridat2d@creativecommons.org,Female,71.251.48.78
87,Heindrick,Tow,htow2e@cornell.edu,Non-binary,11.50.72.196
88,Joane,Whordley,jwhordley2f@wikispaces.com,Genderfluid,114.241.140.24
89,Corrie,Dadd,cdadd2g@imageshack.us,Male,128.108.64.16
90,Bondie,Staresmeare,bstaresmeare2h@sourceforge.net,Male,124.190.37.111
91,Elnore,Densham,edensham2i@psu.edu,Female,28.169.40.91
92,Libbie,Girk,lgirk2j@sun.com,Female,241.134.117.80
93,Marya,Simnel,msimnel2k@devhub.com,Agender,102.161.52.252
94,Jannel,Vercruysse,jvercruysse2l@taobao.com,Female,120.54.225.112
95,Peggy,Castro,pcastro2m@usa.gov,Female,126.4.192.165
96,Allis,Audas,aaudas2n@yellowpages.com,Female,29.209.240.129
97,Axel,Petti,apetti2o@nbcnews.com,Male,18.254.115.19
98,Olivette,Ajean,oajean2p@answers.com,Female,126.195.178.61
99,Abdel,Ranahan,aranahan2q@1688.com,Male,36.246.156.239
100,Emmott,Dassindale,edassindale2r@walmart.com,Male,171.164.4.193
101,Miller,Brackley,mbrackley2s@wix.com,Male,112.200.4.69
102,Sheilakathryn,Revie,srevie2t@house.gov,Female,218.28.113.0
103,Martica,Lewsy,mlewsy2u@businessinsider.com,Female,176.30.29.115
104,Diane,Polgreen,dpolgreen2v@hubpages.com,Female,161.111.194.59
105,Ogdan,Thorwarth,othorwarth2w@cyberchimps.com,Male,44.43.177.55
106,Alicia,Pittoli,apittoli2x@opera.com,Female,213.77.128.39
107,Timotheus,Twitchett,ttwitchett2y@tripod.com,Male,26.54.233.164
108,Sheilakathryn,Bomfield,sbomfield2z@noaa.gov,Female,20.1.205.117
109,Augustus,Vassie,avassie30@rakuten.co.jp,Male,223.157.185.144
110,Konstantine,Mathissen,kmathissen31@google.ru,Male,61.55.208.24
111,Quent,Blasdale,qblasdale32@blogger.com,Male,34.96.28.194
112,Lizzie,Castelletti,lcastelletti33@goo.ne.jp,Female,150.188.51.39
113,Zena,Shottin,zshottin34@omniture.com,Female,11.86.35.187
114,Nikola,Treamayne,ntreamayne35@baidu.com,Male,194.9.96.113
115,Gail,Pullinger,gpullinger36@soup.io,Male,222.22.37.165
116,Erick,Beseke,ebeseke37@livejournal.com,Male,140.144.14.232
117,Joshua,Wands,jwands38@infoseek.co.jp,Male,78.26.224.138
118,Simone,Catchpole,scatchpole39@slashdot.org,Male,1.60.116.19
119,Lorenza,Tumility,ltumility3a@springer.com,Female,41.192.143.4
120,Hakim,Pennick,hpennick3b@pen.io,Polygender,200.25.114.150
121,Paddie,Woolway,pwoolway3c@a8.net,Male,136.245.20.134
122,Edd,Duckerin,educkerin3d@i2i.jp,Male,32.169.81.74
123,Claybourne,Strete,cstrete3e@shop-pro.jp,Male,87.146.231.233
124,Sharla,Chidlow,schidlow3f@sciencedaily.com,Female,33.231.163.242
125,Dal,Mackrill,dmackrill3g@tinypic.com,Male,109.181.5.16
126,Teri,Mould,tmould3h@un.org,Female,64.17.128.249
127,Roxane,Sage,rsage3i@indiegogo.com,Female,65.175.220.136
128,Geno,Graeser,ggraeser3j@themeforest.net,Genderfluid,24.152.229.213
129,Nedda,Winram,nwinram3k@indiegogo.com,Female,154.77.38.137
130,Torin,Tunnow,ttunnow3l@ucla.edu,Male,9.82.60.105
131,Elsi,Goodspeed,egoodspeed3m@thetimes.co.uk,Genderqueer,9.245.85.247
132,Kailey,Lamp,klamp3n@gizmodo.com,Female,64.62.75.117
133,Arleyne,Neilson,aneilson3o@go.com,Female,177.237.206.136
134,Jodi,Gee,jgee3p@nationalgeographic.com,Male,186.160.151.169
135,Ivy,McKane,imckane3q@skype.com,Female,46.130.253.61
136,Maryellen,Philpots,mphilpots3r@omniture.com,Female,54.223.132.170
137,Rockie,Stickells,rstickells3s@infoseek.co.jp,Male,132.56.245.59
138,Jody,Halworth,jhalworth3t@storify.com,Male,97.10.142.65
139,Sherwood,Roskams,sroskams3u@comsenz.com,Male,124.44.132.186
140,Willie,Harriday,wharriday3v@census.gov,Female,158.124.137.46
141,Archibold,Abramovic,aabramovic3w@gizmodo.com,Male,245.241.157.206
142,Sebastian,Hernik,shernik3x@fastcompany.com,Male,16.213.58.162
143,Sande,Vaud,svaud3y@github.com,Female,78.237.231.58
144,Nerita,Solland,nsolland3z@tamu.edu,Female,78.55.47.162
145,Gualterio,Meiklem,gmeiklem40@irs.gov,Male,168.87.70.16
146,Dacy,Sacaze,dsacaze41@nyu.edu,Female,95.46.23.231
147,Frasquito,Gedge,fgedge42@yelp.com,Male,201.63.205.80
148,Vernen,McBrier,vmcbrier43@go.com,Male,217.227.133.145
149,Lezlie,Jessup,ljessup44@netvibes.com,Female,110.115.252.55
150,Alaine,Legrave,alegrave45@barnesandnoble.com,Bigender,1.28.74.136
151,Arin,Gooday,agooday46@webmd.com,Male,248.10.97.4
152,Cord,Gerry,cgerry47@google.cn,Bigender,52.153.201.251
153,Ali,Burnes,aburnes48@washingtonpost.com,Female,203.244.143.228
154,Hewett,Mauchlen,hmauchlen49@nytimes.com,Male,47.15.163.242
155,Nikkie,Betty,nbetty4a@cdbaby.com,Female,143.85.127.186
156,Sigrid,McLese,smclese4b@ycombinator.com,Female,20.183.181.226
157,Abigael,Pendrid,apendrid4c@indiegogo.com,Female,109.213.178.253
158,Amity,Markushkin,amarkushkin4d@oakley.com,Female,212.31.49.74
159,Ardelis,Meadowcroft,ameadowcroft4e@weebly.com,Female,102.37.172.168
160,Nathanial,Watling,nwatling4f@bloglovin.com,Male,208.95.168.232
161,Ruthi,Casement,rcasement4g@rambler.ru,Female,80.112.45.49
162,Helli,Sybry,hsybry4h@amazonaws.com,Female,218.34.254.5
163,Austen,Charlton,acharlton4i@symantec.com,Male,123.231.217.7
164,Kassie,Sherlock,ksherlock4j@apache.org,Female,9.73.46.190
165,Marshal,Zaczek,mzaczek4k@acquirethisname.com,Male,182.30.40.151
166,Allistir,Ganforth,aganforth4l@360.cn,Male,106.246.38.97
167,Borg,Warrell,bwarrell4m@yandex.ru,Male,28.77.120.8
168,Nickolas,Caris,ncaris4n@yandex.ru,Male,255.35.74.88
169,Libby,Kubasek,lkubasek4o@independent.co.uk,Female,106.236.202.72
170,Hale,Shirtcliffe,hshirtcliffe4p@loc.gov,Male,25.170.97.11
171,Ase,Balser,abalser4q@cocolog-nifty.com,Male,192.173.233.7
172,Terry,Yurinov,tyurinov4r@canalblog.com,Male,107.148.103.222
173,Merwin,Sissons,msissons4s@statcounter.com,Male,182.137.156.142
174,Mohandis,Cholonin,mcholonin4t@ameblo.jp,Bigender,226.75.96.231
175,Tito,Caygill,tcaygill4u@globo.com,Male,24.20.73.172
176,Isahella,Escalera,iescalera4v@studiopress.com,Female,156.157.254.186
177,Valery,Heart,vheart4w@qq.com,Female,68.45.55.10
178,Moise,Arbuckle,marbuckle4x@dion.ne.jp,Male,77.21.99.13
179,Jaymie,Camps,jcamps4y@mediafire.com,Male,230.136.207.132
180,Jacquelyn,Thecham,jthecham4z@stumbleupon.com,Female,40.246.179.156
181,Leon,Airton,lairton50@ezinearticles.com,Male,199.4.164.35
182,Merwyn,Lawlee,mlawlee51@sun.com,Male,248.179.155.161
183,Cinnamon,Haslam,chaslam52@va.gov,Genderqueer,202.39.143.150
184,Dani,Santos,dsantos53@techcrunch.com,Female,76.154.72.163
185,Gage,Linscott,glinscott54@google.it,Male,192.208.59.146
186,Rowen,Roussell,rroussell55@freewebs.com,Male,94.4.149.105
187,Phil,Caverhill,pcaverhill56@wsj.com,Male,71.30.98.214
188,Shannon,Beatson,sbeatson57@toplist.cz,Female,201.204.43.227
189,Kikelia,Devons,kdevons58@hhs.gov,Female,80.24.137.63
190,Uta,Banck,ubanck59@theglobeandmail.com,Female,9.106.63.32
191,Andie,McAteer,amcateer5a@foxnews.com,Female,71.207.220.171
192,Forrester,Graber,fgraber5b@linkedin.com,Male,48.61.133.52
193,Joanne,Rolse,jrolse5c@odnoklassniki.ru,Female,149.65.214.129
194,Elnore,Torbett,etorbett5d@artisteer.com,Female,95.87.132.155
195,Roz,King,rking5e@yahoo.com,Female,253.194.243.59
196,Torre,Rolling,trolling5f@mail.ru,Male,176.160.235.55
197,Boniface,Roff,broff5g@csmonitor.com,Male,242.158.128.252
198,Coop,McCawley,cmccawley5h@newyorker.com,Polygender,93.40.160.37
199,Cheslie,McGrale,cmcgrale5i@apache.org,Female,55.242.156.49
200,Chaddie,Corthes,ccorthes5j@illinois.edu,Male,74.161.249.7
201,Konstantin,Tuttle,ktuttle5k@hubpages.com,Male,246.129.0.109
202,Dorita,Aickin,daickin5l@ning.com,Female,77.155.236.146
203,Kendre,Sellack,ksellack5m@imdb.com,Female,72.15.135.136
204,Ingar,Varrow,ivarrow5n@xing.com,Male,123.92.153.231
205,Phaedra,Denington,pdenington5o@youku.com,Female,248.17.65.205
206,Ode,Pock,opock5p@walmart.com,Male,36.171.71.130
207,Con,Hawtry,chawtry5q@shinystat.com,Female,244.153.19.210
208,Riobard,Spedroni,rspedroni5r@theatlantic.com,Male,1.250.178.10
209,Brose,Bielfelt,bbielfelt5s@mail.ru,Male,220.87.59.117
210,Chip,Wantling,cwantling5t@addtoany.com,Non-binary,16.207.153.214
211,Abba,Friese,afriese5u@yahoo.co.jp,Male,210.170.32.239
212,Bat,Frediani,bfrediani5v@utexas.edu,Male,211.188.255.12
213,Dinah,Adriani,dadriani5w@un.org,Female,52.145.89.118
214,Sydel,MacGiffin,smacgiffin5x@dedecms.com,Female,9.169.208.129
215,Julie,Auty,jauty5y@behance.net,Male,123.206.133.134
216,Risa,Dunstall,rdunstall5z@networkadvertising.org,Female,155.179.225.162
217,Tracie,Francesco,tfrancesco60@mtv.com,Male,202.131.128.211
218,Holt,Lathan,hlathan61@desdev.cn,Male,186.121.214.31
219,Hubey,Rodolf,hrodolf62@odnoklassniki.ru,Male,161.70.42.188
220,Meier,Brigginshaw,mbrigginshaw63@hugedomains.com,Male,197.125.20.203
221,Misty,Reinbach,mreinbach64@house.gov,Female,177.82.190.175
222,Elsa,Muckersie,emuckersie65@bbb.org,Female,116.38.159.164
223,Neysa,Corstan,ncorstan66@altervista.org,Female,219.238.57.15
224,Brunhilde,Cornish,bcornish67@nhs.uk,Female,221.200.52.112
225,Sile,Kettow,skettow68@timesonline.co.uk,Female,32.13.156.139
226,Gary,Clay,gclay69@virginia.edu,Male,159.155.52.236
227,Silvana,Bauduccio,sbauduccio6a@constantcontact.com,Female,80.30.24.9
228,Odelle,McGettigan,omcgettigan6b@goo.ne.jp,Female,145.48.81.145
229,Bennett,Spriggin,bspriggin6c@facebook.com,Male,147.238.178.85
230,Rayner,Lovett,rlovett6d@google.co.jp,Male,69.55.11.31
231,Wilfrid,Punchard,wpunchard6e@state.tx.us,Male,83.124.120.28
232,Sile,Kyffin,skyffin6f@t-online.de,Bigender,228.111.184.138
233,Shaylynn,Newvell,snewvell6g@ihg.com,Genderqueer,17.227.60.53
234,Baron,Copeland,bcopeland6h@printfriendly.com,Male,6.132.95.201
235,Winona,Marusyak,wmarusyak6i@altervista.org,Female,72.186.193.227
236,Kimberli,Stanlake,kstanlake6j@comcast.net,Female,91.41.1.168
237,Renard,Scotchmer,rscotchmer6k@sciencedaily.com,Male,239.107.82.34
238,Ysabel,Oglevie,yoglevie6l@a8.net,Female,14.94.91.167
239,Lamar,Paike,lpaike6m@archive.org,Male,117.194.251.243
240,Adelle,McBrearty,amcbrearty6n@ifeng.com,Female,197.145.119.252
241,Boone,Tilley,btilley6o@businesswire.com,Male,166.110.107.165
242,Corny,Scholig,cscholig6p@google.co.uk,Female,89.215.83.55
243,Virge,Berthot,vberthot6q@nps.gov,Male,36.103.54.194
244,Olimpia,Farrah,ofarrah6r@jimdo.com,Female,234.195.88.127
245,Tedmund,Echalier,techalier6s@blogspot.com,Male,201.237.135.200
246,Andrey,Semkins,asemkins6t@edublogs.org,Male,61.59.99.220
247,Woodrow,Illyes,willyes6u@a8.net,Male,42.89.0.218
248,Crista,Drew-Clifton,cdrewclifton6v@alibaba.com,Female,68.217.225.25
249,Jarret,Heineke,jheineke6w@reverbnation.com,Male,242.204.75.241
250,Sabine,Bellison,sbellison6x@theatlantic.com,Genderqueer,201.114.11.246
251,Angelo,Flew,aflew6y@reference.com,Male,53.148.231.229
252,Erie,Brumhead,ebrumhead6z@skype.com,Male,98.158.61.136
253,Iormina,Kinton,ikinton70@webnode.com,Female,83.25.234.111
254,Brocky,Battista,bbattista71@bbb.org,Male,189.251.189.199
255,Tiffani,Wardle,twardle72@loc.gov,Bigender,243.104.205.212
256,Gilberto,Dane,gdane73@mayoclinic.com,Male,176.146.37.37
257,Josephine,Persitt,jpersitt74@acquirethisname.com,Female,5.175.255.44
258,Juana,Lourens,jlourens75@gravatar.com,Non-binary,115.199.112.250
259,Golda,Sands-Allan,gsandsallan76@nps.gov,Female,2.121.192.184
260,Lemar,Fincken,lfincken77@xrea.com,Male,28.67.131.195
261,Horatius,Quinnelly,hquinnelly78@360.cn,Male,213.211.231.233
262,Thebault,Bootherstone,tbootherstone79@ucoz.ru,Male,203.247.49.141
263,Edgar,Bellhouse,ebellhouse7a@gizmodo.com,Male,64.113.221.99
264,Avrom,Brocklehurst,abrocklehurst7b@cargocollective.com,Male,40.154.63.109
265,Garrott,Curro,gcurro7c@goo.ne.jp,Male,133.72.226.59
266,Karlen,Perkins,kperkins7d@purevolume.com,Female,112.45.124.62
267,Magdalena,Simpole,msimpole7e@telegraph.co.uk,Female,140.86.51.81
268,Amii,Nardrup,anardrup7f@slideshare.net,Female,245.26.237.73
269,Eydie,Patters,epatters7g@wufoo.com,Female,181.242.117.82
270,Erda,MacGrath,emacgrath7h@state.gov,Female,109.122.193.109
271,Arel,Sodor,asodor7i@fotki.com,Male,145.69.156.193
272,Dionysus,Lomax,dlomax7j@webmd.com,Male,126.59.193.130
273,Marten,Issard,missard7k@slate.com,Male,226.98.245.110
274,Ephraim,Rogister,erogister7l@accuweather.com,Male,140.222.138.132
275,Albie,Wilby,awilby7m@ow.ly,Male,23.181.36.81
276,Maxy,Bonnavant,mbonnavant7n@altervista.org,Male,133.209.103.195
277,Xymenes,Pennock,xpennock7o@ycombinator.com,Male,35.209.203.224
278,Loy,Pikett,lpikett7p@smh.com.au,Male,211.55.36.41
279,Trevar,Lattos,tlattos7q@php.net,Male,57.17.186.101
280,Marna,Gyrgorwicx,mgyrgorwicx7r@cam.ac.uk,Female,77.64.157.186
281,Robinia,Baudesson,rbaudesson7s@oakley.com,Female,121.53.30.59
282,Aundrea,Milvarnie,amilvarnie7t@scribd.com,Female,1.158.72.248
283,Ruthy,MacIlriach,rmacilriach7u@lycos.com,Female,5.179.208.221
284,Sibley,Rentilll,srentilll7v@google.com,Female,36.177.53.107
285,Rosalia,Roberts,rroberts7w@alibaba.com,Female,238.125.43.75
286,Kimble,McGilleghole,kmcgilleghole7x@youku.com,Male,53.108.23.87
287,Brenda,Lurner,blurner7y@theglobeandmail.com,Genderfluid,186.143.73.147
288,Kelley,Humblestone,khumblestone7z@ucsd.edu,Female,119.201.5.69
289,Charisse,Iley,ciley80@furl.net,Female,94.66.52.227
290,Aldo,Gisbye,agisbye81@yolasite.com,Male,162.79.60.18
291,Tymon,Bidgood,tbidgood82@icio.us,Male,66.251.148.49
292,Gertruda,Santon,gsanton83@merriam-webster.com,Female,27.0.223.55
293,Ferdinande,Spridgen,fspridgen84@cbsnews.com,Female,116.52.6.25
294,Ardine,Bishop,abishop85@who.int,Female,215.66.79.134
295,Gratia,Wildin,gwildin86@illinois.edu,Female,254.158.112.2
296,Pace,Romanet,promanet87@bloglovin.com,Male,58.12.169.13
297,Chrysler,Rooksby,crooksby88@latimes.com,Female,71.167.67.121
298,Tessi,Crose,tcrose89@bandcamp.com,Female,42.118.6.16
299,Tiffany,Smith,tsmith8a@example.com,Female,97.154.51.139
300,Fred,Nettles,fnettles8b@upenn.edu,Female,186.134.87.11
301,Eddi,Saph,esaph8c@nba.com,Female,144.96.93.107
302,Anatol,Sivorn,asivorn8d@mayoclinic.com,Male,118.68.53.235
303,Wilie,Hardin,whardin8e@cdbaby.com,Female,96.239.209.145
304,Leeann,Khadir,lkhadir8f@discovery.com,Female,131.15.68.112
305,Bili,Blooman,bblooman8g@icq.com,Female,111.133.40.118
306,Clo,Fanner,cfanner8h@shinystat.com,Female,71.141.210.107
307,Sigismund,Critten,scritten8i@redcross.org,Male,93.200.39.219
308,Grange,Ubsdell,gubsdell8j@pcworld.com,Male,135.125.96.93
309,Jilli,Emmert,jemmert8k@devhub.com,Female,163.68.215.160
310,Cullan,Fain,cfain8l@liveinternet.ru,Male,7.246.13.46
311,Daveta,Skrzynski,dskrzynski8m@biglobe.ne.jp,Female,212.47.111.57
312,Francklyn,Slogrove,fslogrove8n@jugem.jp,Male,95.59.61.19
313,Myriam,Baden,mbaden8o@telegraph.co.uk,Female,45.68.170.103
314,Dimitry,Tuite,dtuite8p@hhs.gov,Male,224.113.188.38
315,Carol,Lotze,clotze8q@china.com.cn,Genderqueer,84.141.231.188
316,Terrell,Beran,tberan8r@pagesperso-orange.fr,Male,2.65.49.24
317,Katherine,Ubach,kubach8s@alexa.com,Female,88.33.5.206
318,Trumann,Arundell,tarundell8t@hatena.ne.jp,Male,106.95.61.77
319,Fonz,Manuelli,fmanuelli8u@youtu.be,Male,248.61.177.40
320,Darbee,Botley,dbotley8v@joomla.org,Agender,175.185.125.188
321,Antonius,Fealty,afealty8w@accuweather.com,Male,59.163.141.54
322,Waylen,Sutch,wsutch8x@rediff.com,Male,97.129.53.211
323,Lebbie,Cerman,lcerman8y@newyorker.com,Female,255.175.73.16
324,Ulric,Gavahan,ugavahan8z@homestead.com,Polygender,168.74.239.115
325,Abrahan,Mary,amary90@cdc.gov,Male,43.42.113.22
326,Shermie,Darinton,sdarinton91@squidoo.com,Male,104.78.46.223
327,Emmaline,Waldocke,ewaldocke92@cornell.edu,Female,239.105.208.236
328,Garwin,Palphreyman,gpalphreyman93@cornell.edu,Male,201.146.253.210
329,Germayne,Studde,gstudde94@freewebs.com,Male,193.44.168.36
330,Mariana,Sleep,msleep95@jalbum.net,Female,156.65.59.118
331,Freddy,Fippe,ffippe96@friendfeed.com,Male,76.213.77.244
332,Carolyne,Triebner,ctriebner97@reddit.com,Female,51.162.29.93
333,Eddy,Wolfenden,ewolfenden98@msn.com,Male,246.7.28.244
334,Edie,Clapp,eclapp99@cpanel.net,Female,131.41.119.39
335,Harv,Buxey,hbuxey9a@meetup.com,Male,93.118.160.104
336,Shea,Kleuer,skleuer9b@devhub.com,Female,70.189.66.71
337,Gustavo,Dregan,gdregan9c@va.gov,Male,18.232.158.17
338,Delilah,Layus,dlayus9d@latimes.com,Female,201.151.123.145
339,Earvin,Robertet,erobertet9e@hexun.com,Male,148.114.86.154
340,Gregory,Matyasik,gmatyasik9f@instagram.com,Male,25.164.77.74
341,Diena,Barhims,dbarhims9g@ustream.tv,Female,112.66.166.92
342,Kimberley,Fache,kfache9h@amazon.co.jp,Bigender,243.173.49.76
343,Aliza,Soldan,asoldan9i@vistaprint.com,Female,206.72.26.121
344,Tallie,Hymas,thymas9j@a8.net,Female,127.246.90.100
345,Rozanne,Borrott,rborrott9k@columbia.edu,Female,94.74.158.185
346,Franklyn,Jackalin,fjackalin9l@oakley.com,Genderqueer,176.153.99.47
347,Eliza,Casine,ecasine9m@nsw.gov.au,Female,48.62.84.31
348,Lil,Stockle,lstockle9n@usda.gov,Genderfluid,208.171.216.68
349,Dina,Gaffon,dgaffon9o@skype.com,Female,37.143.227.240
350,Beckie,Haith,bhaith9p@princeton.edu,Female,240.99.225.17
351,Gray,Beloe,gbeloe9q@arstechnica.com,Male,209.145.230.119
352,Homerus,Akett,hakett9r@dailymail.co.uk,Male,162.27.239.7
353,Clerkclaude,Busfield,cbusfield9s@bandcamp.com,Male,194.5.91.219
354,Sophie,Benny,sbenny9t@ft.com,Female,121.191.216.42
355,Rosco,Dowsing,rdowsing9u@abc.net.au,Male,231.95.150.81
356,Jaimie,Vuitte,jvuitte9v@bizjournals.com,Agender,49.31.156.135
357,Austin,Francey,afrancey9w@forbes.com,Female,1.120.179.246
358,Marietta,Doore,mdoore9x@google.com.au,Male,138.177.210.171
359,Gian,Keelan,gkeelan9y@privacy.gov.au,Male,93.8.50.70
360,Poppy,Jeanon,pjeanon9z@microsoft.com,Female,168.101.57.124
361,Cleopatra,Cohani,ccohania0@scribd.com,Female,15.176.233.84
362,Penelopa,Hutson,phutsona1@auda.org.au,Female,218.37.66.217
363,Egor,Brewett,ebrewetta2@tumblr.com,Male,103.94.210.105
364,Fanechka,Feldmark,ffeldmarka3@theguardian.com,Female,238.211.172.109
365,Barnard,Siseland,bsiselanda4@sfgate.com,Male,96.151.23.152
366,Amelia,Olczak,aolczaka5@fastcompany.com,Genderfluid,118.82.221.128
367,Dorothee,Dutson,ddutsona6@paypal.com,Female,195.148.39.56
368,Aidan,Dorber,adorbera7@engadget.com,Female,220.1.35.142
369,Adah,Ugo,augoa8@qq.com,Genderqueer,163.73.138.78
370,Balduin,Rabier,brabiera9@sfgate.com,Male,29.110.50.105
371,Domenic,Bullin,dbullinaa@hp.com,Male,200.56.77.40
372,Chic,McGreal,cmcgrealab@google.pl,Male,250.123.13.17
373,Maible,Macieja,mmaciejaac@slashdot.org,Female,12.167.42.109
374,Jedediah,Simmance,jsimmancead@economist.com,Male,242.157.150.67
375,Lark,Basnett,lbasnettae@jugem.jp,Female,44.94.174.21
376,Reynolds,Hallett,rhallettaf@yellowpages.com,Agender,217.200.250.40
377,Rubina,Shingler,rshinglerag@tinypic.com,Bigender,113.66.55.97
378,Urbain,Walkden,uwalkdenah@yellowpages.com,Male,240.41.77.167
379,Fidelio,Ruslen,fruslenai@jalbum.net,Male,221.159.39.196
380,Adara,Drain,adrainaj@independent.co.uk,Female,21.8.99.144
381,Amery,Binion,abinionak@yahoo.co.jp,Male,62.94.145.147
382,Kaitlyn,Yusupov,kyusupoval@cnn.com,Female,232.192.9.67
383,Howard,Prydie,hprydieam@opensource.org,Male,51.19.157.36
384,Cassy,Petrishchev,cpetrishchevan@intel.com,Female,192.77.188.107
385,Darcey,Pritty,dprittyao@buzzfeed.com,Female,211.206.59.177
386,Yetta,Glennon,yglennonap@samsung.com,Female,205.157.239.169
387,Allissa,Whitfeld,awhitfeldaq@hexun.com,Female,100.146.70.214
388,Falito,Boarer,fboarerar@meetup.com,Male,64.140.92.0
389,Derril,Markus,dmarkusas@i2i.jp,Male,169.215.212.121
390,Kit,Canas,kcanasat@sitemeter.com,Female,187.191.94.210
391,Ferrel,Karppi,fkarppiau@mail.ru,Male,73.102.51.163
392,Page,Measor,pmeasorav@dropbox.com,Male,191.72.245.86
393,Maryanne,Bertomieu,mbertomieuaw@bloglovin.com,Female,54.185.49.1
394,Pamelina,Glozman,pglozmanax@artisteer.com,Female,144.254.198.31
395,Rutter,Hambers,rhambersay@gmpg.org,Male,147.133.182.220
396,Kyle,Adelsberg,kadelsbergaz@independent.co.uk,Female,241.192.91.202
397,Phillis,Dongles,pdonglesb0@uol.com.br,Female,133.42.94.130
398,Allix,Woodsford,awoodsfordb1@epa.gov,Female,30.205.195.254
399,Eduardo,Newlands,enewlandsb2@t.co,Male,47.167.244.39
400,Florry,Boulsher,fboulsherb3@google.com.au,Female,166.43.217.43
401,Nady,Norcop,nnorcopb4@woothemes.com,Female,127.189.88.4
402,Ethel,Pitone,epitoneb5@stumbleupon.com,Female,25.255.242.235
403,Pren,Flucker,pfluckerb6@goo.ne.jp,Genderqueer,165.191.175.28
404,Genovera,Briereton,gbrieretonb7@globo.com,Female,99.91.94.35
405,Paton,Le Fleming,pleflemingb8@marketwatch.com,Male,50.72.140.231
406,Yves,Brosoli,ybrosolib9@devhub.com,Male,229.225.119.106
407,Ker,Mor,kmorba@ning.com,Male,44.55.89.244
408,Nari,Polkinghorne,npolkinghornebb@vinaora.com,Female,111.27.173.49
409,Brod,Dand,bdandbc@indiegogo.com,Male,162.209.203.214
410,Damita,Painter,dpainterbd@addthis.com,Female,90.203.201.115
411,Solly,Eakley,seakleybe@netvibes.com,Male,212.114.37.181
412,Zarla,Gioan,zgioanbf@adobe.com,Female,254.3.143.87
413,Bekki,Grima,bgrimabg@wiley.com,Female,55.149.163.171
414,Lem,Rolstone,lrolstonebh@arstechnica.com,Male,157.154.244.86
415,Nehemiah,Seelbach,nseelbachbi@rediff.com,Male,19.190.66.240
416,Willie,Cornew,wcornewbj@ifeng.com,Male,106.79.143.145
417,Delmor,Blasik,dblasikbk@topsy.com,Male,223.248.166.73
418,Charisse,Mityakov,cmityakovbl@amazon.co.jp,Female,168.89.77.63
419,Cornelius,Hardie,chardiebm@4shared.com,Male,123.209.137.202
420,Sly,Gennings,sgenningsbn@noaa.gov,Male,80.5.187.41
421,Elfrieda,Biswell,ebiswellbo@123-reg.co.uk,Female,152.126.157.0
422,Barbara-anne,Brigham,bbrighambp@oracle.com,Female,178.112.134.84
423,Dominic,Hussey,dhusseybq@disqus.com,Male,228.35.71.194
424,Rivy,Alexsandrev,ralexsandrevbr@360.cn,Female,223.160.54.199
425,Gian,Naton,gnatonbs@google.co.jp,Male,248.231.5.89
426,Ninnetta,Edrich,nedrichbt@nymag.com,Female,184.179.247.188
427,Reginauld,Wardhaugh,rwardhaughbu@twitter.com,Male,6.180.180.40
428,Rutger,Whiley,rwhileybv@hugedomains.com,Male,255.70.132.189
429,Richmond,Stadding,rstaddingbw@harvard.edu,Male,147.120.39.225
430,Giacinta,Veness,gvenessbx@xrea.com,Female,54.27.70.86
431,Anatol,Prantoni,aprantoniby@unicef.org,Male,143.94.246.212
432,Ellswerth,Folshom,efolshombz@ft.com,Male,103.190.41.216
433,Cathee,Wilber,cwilberc0@drupal.org,Female,4.106.15.9
434,Effie,Chesman,echesmanc1@github.com,Female,220.253.131.110
435,Tait,Biscomb,tbiscombc2@tmall.com,Male,255.49.5.107
436,Clovis,Okey,cokeyc3@artisteer.com,Female,7.132.141.52
437,Nissie,Stowe,nstowec4@cbslocal.com,Female,15.172.127.1
438,Lurlene,Chopping,lchoppingc5@github.com,Female,211.130.4.19
439,Codi,Lewsy,clewsyc6@deviantart.com,Female,218.158.156.163
440,Xylina,Cabera,xcaberac7@bbb.org,Female,249.199.180.196
441,Kristin,Albert,kalbertc8@harvard.edu,Polygender,207.87.105.112
442,Vic,Amesbury,vamesburyc9@hibu.com,Male,122.21.170.221
443,Olvan,Arnaud,oarnaudca@mac.com,Male,71.130.187.50
444,Jolie,Mobius,jmobiuscb@scribd.com,Female,222.56.155.247
445,Michelle,Cullin,mcullincc@ehow.com,Female,194.65.234.196
446,Roxi,Muselli,rmusellicd@squidoo.com,Female,230.130.191.116
447,Brantley,Blethyn,bblethynce@symantec.com,Male,187.236.60.152
448,Carlin,McCourt,cmccourtcf@gmpg.org,Male,123.33.247.102
449,Celestia,Hynde,chyndecg@ebay.co.uk,Female,171.70.116.89
450,Birk,Liffe,bliffech@php.net,Male,18.120.104.24
451,Richard,Constanza,rconstanzaci@thetimes.co.uk,Male,202.69.194.156
452,Nefen,Huxter,nhuxtercj@a8.net,Male,245.231.73.80
453,Daryle,Downton,ddowntonck@ycombinator.com,Male,176.7.43.207
454,Karel,Glazebrook,kglazebrookcl@artisteer.com,Male,92.57.242.188
455,Bary,Heningam,bheningamcm@thetimes.co.uk,Male,199.71.147.81
456,Wallas,Caulfield,wcaulfieldcn@histats.com,Male,98.223.99.145
457,Antons,Woodroofe,awoodroofeco@lycos.com,Agender,35.18.159.150
458,Jerrie,Gounin,jgounincp@github.io,Polygender,222.60.92.156
459,Latrina,Suttle,lsuttlecq@amazonaws.com,Female,56.232.253.168
460,Tabbie,Cantrell,tcantrellcr@tiny.cc,Genderfluid,27.149.218.241
461,Merrie,Spivie,mspiviecs@people.com.cn,Female,161.177.135.33
462,Antonia,Norway,anorwayct@com.com,Female,27.156.13.77
463,Webster,Clamo,wclamocu@patch.com,Male,93.191.208.75
464,Jourdain,Cannop,jcannopcv@theatlantic.com,Male,152.38.106.57
465,Madel,Dodimead,mdodimeadcw@dedecms.com,Genderfluid,118.68.37.151
466,Osmund,Beagley,obeagleycx@weather.com,Male,17.64.165.197
467,Lebbie,Belliss,lbellisscy@google.es,Female,230.125.213.201
468,Turner,Montier,tmontiercz@blogtalkradio.com,Male,90.125.254.161
469,Valeda,Ipgrave,vipgraved0@xinhuanet.com,Female,86.167.62.75
470,Alfonse,Devitt,adevittd1@smugmug.com,Male,27.17.153.225
471,Hobie,Heeney,hheeneyd2@imgur.com,Male,91.121.47.167
472,Lodovico,Betteson,lbettesond3@google.fr,Male,150.131.198.14
473,Mommy,Hansard,mhansardd4@phpbb.com,Female,233.89.84.133
474,Zedekiah,Livett,zlivettd5@ox.ac.uk,Male,221.71.80.5
475,Herta,Relf,hrelfd6@lulu.com,Female,31.172.182.178
476,Ariella,Popple,apoppled7@shinystat.com,Female,217.58.234.220
477,Sigismund,Bensusan,sbensusand8@cam.ac.uk,Male,247.211.139.94
478,Serge,Camelli,scamellid9@vinaora.com,Male,78.149.201.80
479,Stavros,Mingard,smingardda@eepurl.com,Bigender,2.210.16.95
480,Arlina,Stratford,astratforddb@telegraph.co.uk,Female,170.53.132.67
481,Dolph,Kenworth,dkenworthdc@go.com,Male,90.83.59.32
482,Donelle,Mincher,dmincherdd@usa.gov,Female,232.173.74.145
483,Camilla,Collison,ccollisonde@springer.com,Female,168.169.130.199
484,Garner,Bursell,gburselldf@google.nl,Male,90.181.77.69
485,Holli,Liell,hlielldg@friendfeed.com,Female,119.159.2.224
486,Rufe,Mauro,rmaurodh@51.la,Male,246.253.198.166
487,Beryl,Tayspell,btayspelldi@ebay.co.uk,Female,187.250.249.155
488,Mara,Pretor,mpretordj@redcross.org,Female,254.218.85.147
489,Sheeree,Krabbe,skrabbedk@columbia.edu,Female,29.255.8.149
490,Ferguson,Caush,fcaushdl@oakley.com,Male,207.211.43.224
491,Chrisy,Yexley,cyexleydm@vinaora.com,Male,252.52.192.106
492,Rodrique,O' Reagan,roreagandn@paginegialle.it,Male,102.206.233.60
493,Deck,Caughte,dcaughtedo@cbslocal.com,Male,178.172.229.106
494,Cristy,Mc Combe,cmccombedp@seattletimes.com,Female,161.172.108.239
495,Binni,Braznell,bbraznelldq@edublogs.org,Female,167.76.217.7
496,Ellyn,Whalebelly,ewhalebellydr@omniture.com,Female,114.194.252.205
497,Lesley,Tournie,ltournieds@intel.com,Male,137.169.234.180
498,Sheffie,Kunzelmann,skunzelmanndt@disqus.com,Male,244.83.2.221
499,Romola,Friese,rfriesedu@gov.uk,Female,117.41.242.221
500,Nickie,Dagg,ndaggdv@home.pl,Male,157.79.57.89
501,Victoir,Senior,vseniordw@ucoz.ru,Male,112.11.9.80
502,Dory,Weiss,dweissdx@webmd.com,Female,23.112.9.116
503,Zora,Beevis,zbeevisdy@marketwatch.com,Female,52.125.198.188
504,Jenna,Healing,jhealingdz@aboutads.info,Female,57.69.153.153
505,Melania,Simpkin,msimpkine0@amazon.com,Female,16.75.248.63
506,Colline,Muck,cmucke1@techcrunch.com,Polygender,166.88.25.98
507,Jacklin,Brunton,jbruntone2@uiuc.edu,Female,15.30.161.2
508,Broderick,Lydden,blyddene3@cyberchimps.com,Male,3.56.237.142
509,Lorrie,McGenn,lmcgenne4@desdev.cn,Male,145.22.4.111
510,Warren,Axcell,waxcelle5@istockphoto.com,Male,8.66.53.254
511,Leroy,Chsteney,lchsteneye6@weibo.com,Male,82.102.161.213
512,Nero,Liggett,nliggette7@homestead.com,Male,108.91.210.146
513,Meyer,Shaughnessy,mshaughnessye8@hp.com,Male,250.168.248.55
514,Gwen,Kempstone,gkempstonee9@theatlantic.com,Female,182.107.77.147
515,Alyda,Whitehurst,awhitehurstea@columbia.edu,Female,248.242.111.149
516,Elnora,Caslake,ecaslakeeb@technorati.com,Female,236.107.219.95
517,Aldridge,Tregear,atregearec@cmu.edu,Male,221.91.38.109
518,Aldon,Bestall,abestalled@unesco.org,Male,251.208.183.173
519,Jose,Dourin,jdourinee@de.vu,Male,175.99.246.128
520,Vassili,Coule,vcouleef@eepurl.com,Male,198.216.26.175
521,Manya,Samuel,msamueleg@smugmug.com,Female,53.226.36.71
522,Leesa,Cellone,lcelloneeh@newyorker.com,Female,67.114.9.194
523,Tiphany,Denisyuk,tdenisyukei@prnewswire.com,Non-binary,97.201.239.48
524,Frazer,Jekyll,fjekyllej@blog.com,Male,142.34.54.17
525,Mada,Hedde,mheddeek@skype.com,Female,59.199.230.117
526,Liza,Boylin,lboylinel@hp.com,Female,255.132.255.254
527,Lyndsay,Tong,ltongem@simplemachines.org,Female,25.149.124.247
528,Farr,Falshaw,ffalshawen@free.fr,Male,90.226.208.74
529,Geneva,Easson,geassoneo@squarespace.com,Female,13.214.30.118
530,Tersina,Zaple,tzapleep@exblog.jp,Female,129.249.36.26
531,Corenda,Shakesbye,cshakesbyeeq@springer.com,Female,201.148.165.126
532,Laughton,Severn,lseverner@mashable.com,Male,185.121.229.68
533,Halie,Parham,hparhames@eepurl.com,Female,97.73.136.180
534,Johann,Zettoi,jzettoiet@canalblog.com,Male,139.251.205.13
535,Sollie,Miguel,smigueleu@ow.ly,Male,15.186.220.75
536,Silas,Tue,stueev@typepad.com,Male,37.129.184.18
537,Monty,Dixie,mdixieew@mashable.com,Male,196.106.189.233
538,Jeffry,Trewin,jtrewinex@desdev.cn,Male,158.237.86.3
539,Willem,Yu,wyuey@microsoft.com,Male,2.33.12.126
540,Zelda,Corderoy,zcorderoyez@mac.com,Female,121.77.75.12
541,Raddie,Prandy,rprandyf0@blogs.com,Male,101.189.15.168
542,Wynn,Leagas,wleagasf1@livejournal.com,Male,133.82.182.48
543,Zitella,Kiehl,zkiehlf2@slashdot.org,Female,203.237.202.80
544,Annemarie,Vautre,avautref3@opensource.org,Female,171.153.84.94
545,Rycca,Spolton,rspoltonf4@free.fr,Female,169.198.226.196
546,Lorettalorna,Louche,llouchef5@edublogs.org,Female,12.61.117.247
547,Emmerich,Yu,eyuf6@cbsnews.com,Male,94.224.204.193
548,Jonathon,Prestedge,jprestedgef7@miitbeian.gov.cn,Male,104.178.9.247
549,Colman,Simonsson,csimonssonf8@loc.gov,Male,25.45.61.29
550,Dyanna,Pittson,dpittsonf9@sohu.com,Female,2.0.200.62
551,Adriaens,Pritchitt,apritchittfa@de.vu,Female,120.221.36.91
552,Jess,Gornar,jgornarfb@360.cn,Female,23.220.29.88
553,Drusy,McNeish,dmcneishfc@bbc.co.uk,Female,33.175.146.12
554,Bond,Mugg,bmuggfd@vistaprint.com,Male,71.128.31.61
555,Karlen,Shortcliffe,kshortcliffefe@paginegialle.it,Female,107.243.243.21
556,Sile,Lissaman,slissamanff@ted.com,Female,164.93.189.249
557,Odille,Mahomet,omahometfg@shareasale.com,Female,117.224.156.101
558,Garry,Nevin,gnevinfh@angelfire.com,Male,134.73.218.131
559,Kennith,Freemantle,kfreemantlefi@mtv.com,Male,196.177.231.15
560,Gaelan,Rivalland,grivallandfj@answers.com,Male,76.104.9.202
561,Lisha,Malpass,lmalpassfk@twitpic.com,Female,240.114.101.204
562,Ariel,Farr,afarrfl@vimeo.com,Female,107.167.181.122
563,Keefer,Merrien,kmerrienfm@ox.ac.uk,Male,56.218.243.46
564,Annabella,Burhouse,aburhousefn@sfgate.com,Female,107.201.111.197
565,Shem,Bartosik,sbartosikfo@wikimedia.org,Polygender,149.193.76.186
566,Sheilakathryn,Hehl,shehlfp@jiathis.com,Female,233.176.10.148
567,Rhona,Mc Queen,rmcqueenfq@japanpost.jp,Female,174.227.46.4
568,Tomi,Fourcade,tfourcadefr@dedecms.com,Female,232.54.114.69
569,Robinet,Duguid,rduguidfs@auda.org.au,Male,143.142.74.72
570,Robinet,Bessell,rbessellft@twitpic.com,Male,8.55.71.148
571,Bobbee,Blakeden,bblakedenfu@odnoklassniki.ru,Female,181.128.14.56
572,Candace,Gulk,cgulkfv@lulu.com,Female,58.254.23.205
573,Yettie,Ragsdall,yragsdallfw@technorati.com,Female,150.75.219.5
574,Samuele,Seedhouse,sseedhousefx@loc.gov,Male,74.60.169.168
575,Dennie,Kensitt,dkensittfy@china.com.cn,Male,218.107.47.94
576,Whitney,Perocci,wperoccifz@bloomberg.com,Female,68.154.67.69
577,Elane,Seedman,eseedmang0@patch.com,Female,60.132.192.81
578,Tann,Mawer,tmawerg1@youtube.com,Non-binary,46.129.83.30
579,Ebony,Sultan,esultang2@diigo.com,Female,162.156.52.238
580,Tyler,Bowdidge,tbowdidgeg3@ycombinator.com,Male,44.74.236.17
581,Rosana,Iacopo,riacopog4@usatoday.com,Female,137.152.123.220
582,Yolande,Merfin,ymerfing5@wunderground.com,Female,58.142.52.231
583,Syman,Middlemist,smiddlemistg6@sciencedirect.com,Male,123.99.104.67
584,Fidelity,Terne,fterneg7@indiegogo.com,Female,42.191.170.247
585,Ibby,Foister,ifoisterg8@java.com,Female,146.118.92.2
586,Meridel,Angus,mangusg9@slate.com,Female,52.230.1.210
587,Antonie,Gershom,agershomga@simplemachines.org,Female,213.127.178.61
588,Gardie,Guiver,gguivergb@wordpress.com,Male,79.221.61.22
589,Nadiya,Ashpital,nashpitalgc@fastcompany.com,Female,189.104.226.139
590,Euell,Hefford,eheffordgd@51.la,Male,94.72.208.254
591,Gratiana,Docker,gdockerge@sphinn.com,Female,40.245.8.37
592,Devland,Aaronsohn,daaronsohngf@printfriendly.com,Male,67.229.54.175
593,Verina,Du Hamel,vduhamelgg@tuttocitta.it,Polygender,12.51.24.105
594,Joy,Ackhurst,jackhurstgh@123-reg.co.uk,Female,32.168.101.31
595,Ingeborg,Spofforth,ispofforthgi@wordpress.org,Female,91.214.206.40
596,Moselle,Badger,mbadgergj@hatena.ne.jp,Female,61.201.109.179
597,Valerie,Millhouse,vmillhousegk@surveymonkey.com,Agender,189.58.201.101
598,Oberon,Bellham,obellhamgl@multiply.com,Male,42.179.104.194
599,Hilario,Philipot,hphilipotgm@parallels.com,Male,18.2.254.16
600,Staci,Janaszewski,sjanaszewskign@cdc.gov,Female,196.147.14.42
601,Toma,Favelle,tfavellego@ca.gov,Genderfluid,14.250.88.25
602,Pietro,Gritland,pgritlandgp@nifty.com,Male,238.145.254.163
603,Malchy,Fort,mfortgq@bandcamp.com,Male,230.117.178.81
604,Aloysius,Huccaby,ahuccabygr@go.com,Male,195.231.138.109
605,Marney,Tellenbrok,mtellenbrokgs@answers.com,Non-binary,33.16.174.212
606,Cob,Szimon,cszimongt@chronoengine.com,Male,70.123.159.116
607,Harriot,Foakes,hfoakesgu@samsung.com,Female,218.171.234.153
608,Corry,Eglinton,ceglintongv@deliciousdays.com,Female,20.254.28.186
609,Margo,Goldson,mgoldsongw@uol.com.br,Polygender,49.66.244.61
610,Jazmin,Wiffill,jwiffillgx@biglobe.ne.jp,Female,86.164.9.185
611,Dell,Trulock,dtrulockgy@godaddy.com,Female,169.21.202.82
612,Kerri,Mathet,kmathetgz@purevolume.com,Female,12.74.59.229
613,Rhody,Juza,rjuzah0@wikia.com,Female,242.190.36.135
614,Kaycee,Plumer,kplumerh1@51.la,Female,149.191.148.9
615,Starr,Goodlet,sgoodleth2@squarespace.com,Female,87.237.202.9
616,Bartholemy,Pentlow,bpentlowh3@prlog.org,Male,206.138.115.154
617,Livia,Ashborne,lashborneh4@google.es,Female,32.45.199.23
618,Brande,Buckingham,bbuckinghamh5@ow.ly,Female,240.113.50.130
619,Gilbertine,Chastel,gchastelh6@nymag.com,Female,155.206.146.133
620,Ethelin,Deeson,edeesonh7@skype.com,Non-binary,190.189.55.13
621,Ophelie,Diffley,odiffleyh8@nymag.com,Female,199.153.166.0
622,Lenka,Liffey,lliffeyh9@paypal.com,Female,42.46.235.21
623,Loretta,Kelwaybamber,lkelwaybamberha@scientificamerican.com,Female,105.221.36.148
624,Eirena,Dilston,edilstonhb@skype.com,Female,97.121.191.146
625,Natalina,Goodfellowe,ngoodfellowehc@hugedomains.com,Female,142.240.119.146
626,Ted,Colbron,tcolbronhd@fotki.com,Female,149.221.172.242
627,Boothe,Akhurst,bakhursthe@theglobeandmail.com,Male,201.32.234.148
628,Normy,Rubra,nrubrahf@cloudflare.com,Male,83.77.128.95
629,Carolee,Kille,ckillehg@bravesites.com,Female,121.179.21.202
630,Nadine,Baddam,nbaddamhh@google.cn,Female,8.243.171.5
631,Jeth,Dumini,jduminihi@baidu.com,Male,27.15.132.10
632,Charlene,Truman,ctrumanhj@mediafire.com,Female,218.199.191.29
633,Holly,Gosse,hgossehk@yandex.ru,Female,181.32.239.25
634,Eberto,Morot,emorothl@ezinearticles.com,Male,4.146.25.2
635,Gilberta,Burkwood,gburkwoodhm@twitpic.com,Female,230.57.5.34
636,Oby,Foottit,ofoottithn@buzzfeed.com,Male,137.178.102.30
637,Caryl,Lound,cloundho@soup.io,Male,190.107.226.207
638,Constantino,Flegg,cflegghp@google.de,Male,11.122.52.49
639,Ole,Meagher,omeagherhq@bloglovin.com,Male,241.113.230.57
640,Daniela,Spillard,dspillardhr@msu.edu,Female,146.48.163.99
641,Menard,Easom,measomhs@deliciousdays.com,Male,94.13.210.189
642,Milty,Selcraig,mselcraight@wikipedia.org,Male,228.149.91.157
643,Anatola,Molohan,amolohanhu@dailymail.co.uk,Genderfluid,246.196.128.168
644,Mirna,Glancey,mglanceyhv@gov.uk,Female,33.237.17.135
645,Micheline,Mascall,mmascallhw@tinypic.com,Female,202.45.114.145
646,Bobine,Ilyinski,bilyinskihx@sitemeter.com,Female,213.125.196.235
647,Rubi,Beeson,rbeesonhy@webmd.com,Non-binary,86.42.129.202
648,Mile,Glyne,mglynehz@behance.net,Male,61.215.178.228
649,Cly,Kilalea,ckilaleai0@ebay.com,Agender,102.51.88.37
650,Sara-ann,Curtoys,scurtoysi1@flavors.me,Female,95.211.178.174
651,Cam,Deerr,cdeerri2@google.pl,Agender,120.20.31.175
652,Ky,Credland,kcredlandi3@google.com,Male,203.125.163.155
653,Erena,Fills,efillsi4@intel.com,Female,248.218.242.133
654,Taddeo,Mateiko,tmateikoi5@elegantthemes.com,Male,187.146.208.205
655,Prinz,Heavyside,pheavysidei6@dailymotion.com,Male,50.5.98.207
656,Dmitri,Gorrie,dgorriei7@example.com,Male,117.15.57.73
657,Jackie,Thumim,jthumimi8@paypal.com,Male,25.73.55.138
658,Martie,Mitkov,mmitkovi9@1688.com,Female,188.2.88.232
659,Wendel,Pischoff,wpischoffia@reference.com,Male,20.78.237.248
660,Maryanna,Rowden,mrowdenib@berkeley.edu,Female,223.9.178.166
661,Hill,Jarman,hjarmanic@tinyurl.com,Male,119.87.147.139
662,Nadiya,Villaret,nvillaretid@e-recht24.de,Female,88.53.199.109
663,Conant,Ackerley,cackerleyie@phpbb.com,Genderqueer,179.52.130.123
664,Hailey,Olyonov,holyonovif@nationalgeographic.com,Male,4.7.153.69
665,Elwyn,Perigoe,eperigoeig@nifty.com,Male,155.43.189.218
666,Starlin,Karlowicz,skarlowiczih@hugedomains.com,Female,132.86.15.104
667,Alair,Stansall,astansallii@example.com,Male,201.99.151.12
668,Clayborne,De Mitris,cdemitrisij@vinaora.com,Male,186.27.37.210
669,West,Benoi,wbenoiik@gnu.org,Male,136.241.123.208
670,Brok,Erat,beratil@economist.com,Male,81.169.241.15
671,Quinn,Kynett,qkynettim@issuu.com,Female,13.96.139.35
672,Neilla,Poolton,npooltonin@psu.edu,Female,230.146.27.184
673,Napoleon,Mingaud,nmingaudio@unc.edu,Male,77.17.99.189
674,Mortie,Prodrick,mprodrickip@intel.com,Male,87.173.162.223
675,Bing,Coulthurst,bcoulthurstiq@archive.org,Male,3.247.240.48
676,Glenden,Beefon,gbeefonir@people.com.cn,Male,126.188.116.246
677,Drake,Waleran,dwaleranis@1und1.de,Male,128.66.39.221
678,Ettore,LLelweln,ellelwelnit@imageshack.us,Male,72.233.142.4
679,Shelley,Kharchinski,skharchinskiiu@ox.ac.uk,Female,137.111.150.3
680,Tristan,Barbisch,tbarbischiv@msn.com,Male,71.124.240.47
681,Garfield,Dakhno,gdakhnoiw@trellian.com,Male,67.144.87.254
682,Cedric,Welburn,cwelburnix@oakley.com,Male,151.0.106.86
683,Rawley,Senn,rsenniy@google.co.uk,Male,75.113.160.78
684,Bogart,Bates,bbatesiz@shareasale.com,Male,17.162.10.193
685,Wyn,Barlee,wbarleej0@webmd.com,Male,70.199.108.44
686,Meaghan,Dulake,mdulakej1@nps.gov,Female,11.29.223.3
687,Matthiew,Pes,mpesj2@pbs.org,Genderqueer,200.1.231.233
688,Fabian,Gierok,fgierokj3@abc.net.au,Male,91.234.246.125
689,Felicdad,Verna,fvernaj4@bloglines.com,Agender,153.240.140.129
690,Annemarie,Twitchett,atwitchettj5@plala.or.jp,Female,109.47.40.39
691,Thalia,Godier,tgodierj6@imdb.com,Bigender,161.122.121.222
692,Farr,Boskell,fboskellj7@nhs.uk,Male,12.154.172.5
693,Jermain,Duthy,jduthyj8@phpbb.com,Male,73.209.145.157
694,Morganne,Munt,mmuntj9@discovery.com,Agender,58.244.69.79
695,Fidole,Bleaden,fbleadenja@nifty.com,Male,48.86.24.51
696,Vitoria,Poe,vpoejb@eventbrite.com,Female,144.66.79.113
697,Theodosia,Rubica,trubicajc@google.fr,Genderqueer,8.92.226.105
698,Vivianna,Lanceley,vlanceleyjd@yellowpages.com,Female,109.203.82.165
699,Benedicta,Simes,bsimesje@npr.org,Female,155.178.217.149
700,Aline,Gotcher,agotcherjf@goodreads.com,Female,229.18.201.189
701,Raymond,Pittem,rpittemjg@ameblo.jp,Male,145.210.252.133
702,Tymothy,Clerc,tclercjh@ning.com,Male,157.93.217.11
703,Shawnee,Isakov,sisakovji@nasa.gov,Female,152.165.78.34
704,Felike,Blaise,fblaisejj@ed.gov,Male,162.196.236.21
705,Esra,Grosier,egrosierjk@tumblr.com,Male,121.79.23.64
706,Beulah,Hedman,bhedmanjl@ucoz.com,Genderfluid,207.196.160.38
707,Madelena,Blything,mblythingjm@utexas.edu,Female,161.122.20.252
708,Crosby,Gambrell,cgambrelljn@tuttocitta.it,Male,86.255.98.198
709,Bale,Pietzker,bpietzkerjo@myspace.com,Male,41.211.155.249
710,Ganny,Qusklay,gqusklayjp@msu.edu,Male,149.245.246.72
711,Kin,Geard,kgeardjq@smugmug.com,Male,163.40.115.182
712,Terra,Williment,twillimentjr@pcworld.com,Female,158.57.47.187
713,Raymund,Gonzalo,rgonzalojs@sourceforge.net,Agender,154.164.69.133
714,Vince,Eggleton,veggletonjt@biblegateway.com,Male,66.163.243.23
715,Catie,Counter,ccounterju@joomla.org,Female,237.80.82.209
716,Grantham,Remer,gremerjv@npr.org,Male,248.251.178.228
717,Madalena,Chadderton,mchaddertonjw@tinyurl.com,Genderqueer,154.128.3.23
718,Udale,Ilden,uildenjx@hibu.com,Male,139.101.182.8
719,Ebba,Blencowe,eblencowejy@princeton.edu,Female,91.122.18.85
720,Brant,Marco,bmarcojz@youtu.be,Male,168.71.109.12
721,Grenville,Skottle,gskottlek0@sogou.com,Agender,238.121.55.112
722,Meredith,Eburne,meburnek1@time.com,Male,181.85.43.194
723,Noak,Claye,nclayek2@youtube.com,Male,39.167.117.179
724,Christoph,Liddel,cliddelk3@time.com,Male,101.255.220.205
725,Eziechiele,Mackney,emackneyk4@usnews.com,Male,81.242.88.98
726,Lucretia,Penfold,lpenfoldk5@meetup.com,Female,160.235.153.10
727,Eugine,Tezure,etezurek6@studiopress.com,Female,104.112.196.85
728,Ulberto,Gosden,ugosdenk7@hugedomains.com,Male,85.234.148.116
729,Thorsten,Devers,tdeversk8@europa.eu,Male,2.5.246.29
730,Allie,Ellum,aellumk9@photobucket.com,Male,188.28.234.113
731,Sadella,Cawt,scawtka@sfgate.com,Female,125.44.213.88
732,Flore,Nosworthy,fnosworthykb@freewebs.com,Female,151.176.148.8
733,Fonsie,Rosewarne,frosewarnekc@fastcompany.com,Male,84.191.223.251
734,Brose,Graber,bgraberkd@yahoo.com,Male,133.83.89.14
735,Osbert,Tongue,otongueke@vistaprint.com,Polygender,12.16.18.17
736,Maddy,Becerro,mbecerrokf@cargocollective.com,Agender,117.215.250.68
737,Simone,Bernardt,sbernardtkg@surveymonkey.com,Male,160.150.55.114
738,Sadie,Peagrim,speagrimkh@technorati.com,Female,32.70.36.99
739,Trixie,Baggelley,tbaggelleyki@army.mil,Bigender,68.172.53.4
740,Osmond,O'Scollee,ooscolleekj@facebook.com,Male,19.126.127.211
741,Grantham,Lindstedt,glindstedtkk@icio.us,Male,148.194.190.95
742,Odella,McColley,omccolleykl@360.cn,Female,107.114.146.177
743,Donn,Lago,dlagokm@google.fr,Male,40.72.50.148
744,Vanny,Handlin,vhandlinkn@google.pl,Female,227.248.72.90
745,Amye,Chaulk,achaulkko@paypal.com,Female,189.91.159.38
746,Torrin,Sherbourne,tsherbournekp@constantcontact.com,Male,99.233.213.173
747,De,Geraud,dgeraudkq@wordpress.org,Female,245.142.184.72
748,Lee,Hedditch,lhedditchkr@nydailynews.com,Male,4.153.113.180
749,Gardy,Surmeyer,gsurmeyerks@yandex.ru,Male,86.131.236.79
750,Jo,Queen,jqueenkt@baidu.com,Non-binary,238.167.177.186
751,Lacee,Spata,lspataku@soundcloud.com,Female,121.94.154.103
752,Johny,Cote,jcotekv@angelfire.com,Male,152.16.58.79
753,Dulcine,Gownge,dgowngekw@techcrunch.com,Female,244.166.119.185
754,Leonie,Botger,lbotgerkx@webnode.com,Female,189.160.52.128
755,Ignaz,Holtaway,iholtawayky@cloudflare.com,Male,93.107.20.34
756,Karlis,Peschka,kpeschkakz@freewebs.com,Male,13.147.41.45
757,Tessi,Casari,tcasaril0@com.com,Polygender,2.79.158.114
758,Tate,McCaw,tmccawl1@microsoft.com,Polygender,126.234.183.253
759,Richart,Slide,rslidel2@bravesites.com,Male,222.64.2.162
760,Betsy,Ilyinski,bilyinskil3@nhs.uk,Female,138.160.191.216
761,Fritz,Ethridge,fethridgel4@alexa.com,Male,46.67.21.45
762,Frasquito,Sherrard,fsherrardl5@google.es,Male,36.80.18.113
763,Julie,MacTrustram,jmactrustraml6@berkeley.edu,Female,203.123.98.66
764,Sumner,Fisbburne,sfisbburnel7@fotki.com,Male,126.43.4.123
765,Corey,Belson,cbelsonl8@reference.com,Male,253.17.52.247
766,Wilone,Rands,wrandsl9@about.me,Female,150.241.55.106
767,Ruby,Peyzer,rpeyzerla@exblog.jp,Female,6.106.90.59
768,Cyndi,Bande,cbandelb@parallels.com,Female,39.84.12.227
769,Neill,Ringe,nringelc@examiner.com,Male,112.127.12.32
770,Barby,Gravie,bgravield@booking.com,Female,147.237.50.62
771,Nye,Pittem,npittemle@canalblog.com,Polygender,100.197.49.55
772,Artur,Iskowicz,aiskowiczlf@flavors.me,Male,146.8.78.15
773,Anet,Wannan,awannanlg@admin.ch,Female,168.48.0.113
774,Sheilakathryn,Spata,sspatalh@fc2.com,Female,164.198.181.23
775,Carlie,Valentinuzzi,cvalentinuzzili@ebay.com,Male,245.143.196.123
776,Gaylor,Pherps,gpherpslj@sciencedirect.com,Genderfluid,56.89.135.47
777,Evelina,Caller,ecallerlk@google.fr,Female,175.49.153.240
778,Colver,Maeer,cmaeerll@1688.com,Male,48.90.251.173
779,Leena,Lipp,llipplm@howstuffworks.com,Female,101.32.15.23
780,Powell,Queree,pquereeln@unicef.org,Male,153.232.159.195
781,Cherrita,Scotting,cscottinglo@ucla.edu,Female,199.89.155.106
782,Mora,Soppit,msoppitlp@cbc.ca,Bigender,236.233.53.157
783,Ewell,Pettyfar,epettyfarlq@foxnews.com,Polygender,238.61.70.177
784,Cyndy,Rumgay,crumgaylr@arstechnica.com,Female,11.72.16.23
785,Rod,Fassbender,rfassbenderls@bloglines.com,Male,129.248.35.136
786,Jan,Toulch,jtoulchlt@furl.net,Female,147.167.3.174
787,Britni,Whybray,bwhybraylu@g.co,Female,13.86.224.252
788,Ansel,Tee,ateelv@blog.com,Male,237.157.227.24
789,Catha,Delamar,cdelamarlw@pinterest.com,Genderqueer,237.130.91.42
790,Zerk,Bollum,zbollumlx@seesaa.net,Male,110.95.233.109
791,Jamesy,Plaide,jplaidely@nationalgeographic.com,Bigender,21.226.138.50
792,Hastie,Sturdy,hsturdylz@va.gov,Male,155.115.128.104
793,Allie,Clover,acloverm0@kickstarter.com,Male,41.83.46.108
794,Wheeler,Maffia,wmaffiam1@lulu.com,Male,41.134.105.228
795,Hollis,Enefer,heneferm2@simplemachines.org,Male,147.15.49.59
796,Mervin,Heinrici,mheinricim3@opensource.org,Male,250.57.60.27
797,Vincenty,Bulloch,vbullochm4@hc360.com,Male,103.159.107.207
798,Phedra,Tunnow,ptunnowm5@arstechnica.com,Female,221.193.217.52
799,Sheba,Hindshaw,shindshawm6@state.gov,Female,128.96.22.247
800,Britteny,Hobson,bhobsonm7@is.gd,Female,36.103.46.144
801,Catharina,Perillo,cperillom8@drupal.org,Female,144.230.92.111
802,Annmaria,Dayborne,adaybornem9@github.com,Female,140.68.150.101
803,Phyllys,Greenstock,pgreenstockma@csmonitor.com,Female,226.237.130.178
804,Karlotte,Hurdwell,khurdwellmb@constantcontact.com,Female,7.33.62.30
805,Onofredo,Mallard,omallardmc@umn.edu,Male,125.129.252.231
806,Yasmeen,Sealove,ysealovemd@umich.edu,Female,124.152.239.77
807,Lolita,Blackie,lblackieme@cafepress.com,Female,177.36.151.119
808,Ode,Gaynor,ogaynormf@jiathis.com,Male,185.85.46.218
809,Forster,Tassel,ftasselmg@over-blog.com,Male,200.235.96.128
810,Eliza,Fullman,efullmanmh@wiley.com,Female,225.103.3.73
811,Alanna,Lemmers,alemmersmi@prlog.org,Female,188.65.131.76
812,Lynnette,Sickamore,lsickamoremj@posterous.com,Female,161.229.92.123
813,Remy,Whitrod,rwhitrodmk@usa.gov,Female,87.168.183.167
814,Irma,Cheke,ichekeml@geocities.com,Female,110.77.199.165
815,Gelya,Jedrych,gjedrychmm@histats.com,Polygender,223.129.216.182
816,Nester,Poluzzi,npoluzzimn@e-recht24.de,Male,76.111.54.7
817,Emmalynn,Chaperling,echaperlingmo@github.com,Female,161.162.20.211
818,Christen,Mirrlees,cmirrleesmp@sphinn.com,Female,73.192.123.185
819,Son,Wybourne,swybournemq@canalblog.com,Male,228.83.53.96
820,Joann,Deignan,jdeignanmr@ed.gov,Female,203.91.53.235
821,Silvanus,Hastilow,shastilowms@paginegialle.it,Bigender,152.198.255.8
822,Ignaz,Ratnage,iratnagemt@buzzfeed.com,Male,212.224.71.183
823,Aili,Hutchison,ahutchisonmu@webs.com,Female,115.86.178.136
824,Chiquita,Battany,cbattanymv@theatlantic.com,Female,40.143.148.12
825,Ransell,Raise,rraisemw@google.ca,Male,51.169.192.145
826,Ora,Longcake,olongcakemx@zdnet.com,Female,187.145.34.10
827,Nerta,Brokenshaw,nbrokenshawmy@google.fr,Agender,58.231.62.235
828,Olav,Plait,oplaitmz@angelfire.com,Male,201.125.146.60
829,Aldrich,Hearsey,ahearseyn0@mlb.com,Male,228.1.220.78
830,Kaia,Puckett,kpuckettn1@imdb.com,Female,240.67.82.131
831,Antonin,Glancey,aglanceyn2@seesaa.net,Male,3.224.137.23
832,Courtnay,Andriolli,candriollin3@hp.com,Male,233.120.250.196
833,Baryram,Cristea,bcristean4@behance.net,Male,111.198.229.81
834,Maudie,Bemrose,mbemrosen5@shinystat.com,Female,74.192.126.178
835,Barbe,Quene,bquenen6@technorati.com,Female,81.232.14.217
836,Ozzy,Samart,osamartn7@blogger.com,Male,109.144.121.249
837,Jervis,Schuchmacher,jschuchmachern8@dell.com,Male,26.2.225.245
838,Marline,Coode,mcooden9@woothemes.com,Female,165.35.126.132
839,Clair,Diben,cdibenna@blogspot.com,Non-binary,47.93.193.140
840,Levy,Henriquet,lhenriquetnb@nymag.com,Male,71.78.148.89
841,Cosetta,Rasell,crasellnc@sfgate.com,Female,133.125.136.66
842,Inglebert,Trusslove,itrusslovend@github.com,Male,241.91.228.166
843,Cristian,Redfearn,credfearnne@cdc.gov,Genderfluid,144.59.130.12
844,Ebenezer,Gribbin,egribbinnf@sitemeter.com,Male,6.203.115.21
845,Fleur,Fattore,ffattoreng@google.pl,Female,135.109.197.209
846,Barnabe,Spinnace,bspinnacenh@nih.gov,Male,185.238.163.71
847,Giffard,Sherbrooke,gsherbrookeni@tinyurl.com,Male,131.145.182.21
848,Thaddeus,McAughtrie,tmcaughtrienj@phoca.cz,Male,76.23.120.207
849,Joell,Berryann,jberryannnk@redcross.org,Female,25.116.222.217
850,Dina,Smorthit,dsmorthitnl@bluehost.com,Female,183.122.41.115
851,Jenda,Camplen,jcamplennm@tamu.edu,Genderfluid,87.104.250.205
852,Fancy,Thiem,fthiemnn@cdbaby.com,Female,85.243.102.200
853,Cortney,Oldford,coldfordno@scientificamerican.com,Female,193.220.245.123
854,Galvin,Billin,gbillinnp@blog.com,Male,111.172.255.178
855,Karel,Claisse,kclaissenq@miitbeian.gov.cn,Male,166.168.122.205
856,Brenden,Wyatt,bwyattnr@linkedin.com,Male,143.46.10.160
857,Corrinne,Brimicombe,cbrimicombens@earthlink.net,Female,143.57.9.188
858,Mommy,Sudddard,msudddardnt@nature.com,Female,79.82.116.244
859,Kacy,Olivella,kolivellanu@youtu.be,Female,172.210.120.166
860,Correy,O' Hern,cohernnv@globo.com,Male,137.176.153.232
861,Zack,Furlonge,zfurlongenw@myspace.com,Male,132.248.22.125
862,Roarke,Brickhill,rbrickhillnx@studiopress.com,Male,71.42.12.38
863,Caspar,Ohrtmann,cohrtmannny@artisteer.com,Male,152.59.41.58
864,Johnathon,Talks,jtalksnz@ft.com,Male,158.205.168.109
865,Reynold,McManamon,rmcmanamono0@youku.com,Male,192.34.154.139
866,Crawford,Conechie,cconechieo1@lulu.com,Male,116.229.104.103
867,Ynes,Mazzeo,ymazzeoo2@w3.org,Female,50.245.35.215
868,Oran,Hammelberg,ohammelbergo3@pen.io,Male,11.170.41.93
869,Lonnard,Viccars,lviccarso4@dyndns.org,Male,240.247.127.172
870,Julieta,Salling,jsallingo5@google.nl,Female,58.79.100.185
871,Jami,Braim,jbraimo6@craigslist.org,Female,208.23.14.102
872,Cozmo,Wetton,cwettono7@scribd.com,Male,178.108.240.62
873,Darryl,Whelpton,dwhelptono8@woothemes.com,Male,179.108.3.251
874,Shane,Maine,smaineo9@geocities.jp,Male,237.27.121.22
875,Rochester,Greendale,rgreendaleoa@i2i.jp,Male,50.1.61.150
876,Phillipp,Monkeman,pmonkemanob@seattletimes.com,Male,168.20.121.130
877,Nerte,Kitchingman,nkitchingmanoc@illinois.edu,Agender,3.26.41.104
878,Merrel,Rapper,mrapperod@usa.gov,Male,180.59.65.161
879,Mattheus,Sinderson,msindersonoe@issuu.com,Male,161.187.136.111
880,Iseabal,Cullerne,icullerneof@biblegateway.com,Female,36.189.47.30
881,Cyrille,Swindon,cswindonog@phoca.cz,Male,128.40.90.194
882,Esmeralda,Rafferty,eraffertyoh@whitehouse.gov,Female,22.150.187.57
883,Lawton,Chainey,lchaineyoi@smh.com.au,Male,199.82.76.83
884,Rodolphe,Barlass,rbarlassoj@addthis.com,Male,96.11.26.50
885,Berti,Schiell,bschiellok@ed.gov,Male,252.8.178.178
886,Pattie,Topp,ptoppol@senate.gov,Male,93.24.199.243
887,Trev,Grosvenor,tgrosvenorom@reuters.com,Male,150.11.173.105
888,Tatiana,Graveney,tgraveneyon@toplist.cz,Female,179.238.155.7
889,Weber,Rivaland,wrivalandoo@geocities.jp,Male,221.195.224.83
890,Charyl,Firby,cfirbyop@huffingtonpost.com,Female,94.100.178.62
891,Linoel,LaBastida,llabastidaoq@miibeian.gov.cn,Male,88.167.169.188
892,Truda,Muldoon,tmuldoonor@cornell.edu,Female,71.250.15.125
893,Rafaelia,Timmes,rtimmesos@bloomberg.com,Female,158.38.227.138
894,Jilleen,Legon,jlegonot@discovery.com,Female,243.126.34.234
895,Gal,Banasevich,gbanasevichou@psu.edu,Male,216.12.3.67
896,Margeaux,Grishukhin,mgrishukhinov@pinterest.com,Female,176.27.74.32
897,Caresse,Shufflebotham,cshufflebothamow@meetup.com,Female,164.211.254.54
898,Ingram,Costall,icostallox@wix.com,Male,104.67.90.221
899,Monroe,Brayshaw,mbrayshawoy@myspace.com,Male,94.162.131.205
900,Merilyn,Barnewall,mbarnewalloz@yolasite.com,Female,78.116.10.103
901,Ax,Rowles,arowlesp0@cornell.edu,Male,141.23.214.238
902,Jervis,Livzey,jlivzeyp1@simplemachines.org,Male,125.221.87.237
903,Christoph,Frances,cfrancesp2@mysql.com,Male,242.155.145.63
904,Isidor,Harrald,iharraldp3@purevolume.com,Male,5.214.202.247
905,Jerrylee,Prisk,jpriskp4@abc.net.au,Genderfluid,145.98.127.16
906,Kippie,Kroch,kkrochp5@feedburner.com,Genderfluid,21.52.70.92
907,Lian,Swiffin,lswiffinp6@desdev.cn,Female,200.182.101.239
908,Reg,Rickesies,rrickesiesp7@zdnet.com,Male,114.31.60.90
909,Rora,Lammiman,rlammimanp8@youtube.com,Female,38.161.19.7
910,Cristin,McCartan,cmccartanp9@mozilla.com,Female,94.220.127.105
911,Cindelyn,Higounet,chigounetpa@themeforest.net,Female,197.187.79.187
912,Enos,Kun,ekunpb@amazon.co.uk,Bigender,210.126.54.112
913,Bonnie,Olivari,bolivaripc@flickr.com,Female,104.139.8.40
914,Frederigo,Chandlar,fchandlarpd@amazon.co.uk,Male,54.176.241.75
915,Shandie,Gerber,sgerberpe@ebay.co.uk,Female,227.193.62.44
916,Nancee,Puttan,nputtanpf@wix.com,Female,43.153.229.151
917,Sidonnie,Michieli,smichielipg@dagondesign.com,Female,232.150.182.137
918,Arlan,Schimke,aschimkeph@spotify.com,Agender,117.60.60.82
919,Camala,Chell,cchellpi@adobe.com,Female,175.223.141.210
920,Shelagh,Scowcroft,sscowcroftpj@go.com,Female,155.119.56.62
921,Erik,Barrs,ebarrspk@nhs.uk,Male,180.54.101.136
922,Arline,Faulconbridge,afaulconbridgepl@desdev.cn,Genderfluid,117.176.186.90
923,Yvonne,Goodbanne,ygoodbannepm@tmall.com,Female,9.75.9.240
924,Hamlen,Parmley,hparmleypn@fda.gov,Male,184.161.129.200
925,Malina,Haborn,mhabornpo@toplist.cz,Female,191.150.10.216
926,Horace,Dunnaway,hdunnawaypp@cdbaby.com,Male,102.54.145.45
927,Anton,Droghan,adroghanpq@cbsnews.com,Male,41.190.81.187
928,Alli,Walkden,awalkdenpr@google.ca,Female,94.22.233.74
929,Daisy,Robert,drobertps@ucla.edu,Female,139.31.85.241
930,Vanda,Rae,vraept@etsy.com,Female,10.111.39.177
931,Quinn,Kynder,qkynderpu@phoca.cz,Female,168.151.30.115
932,Celestine,Ondrak,condrakpv@xrea.com,Female,93.159.40.4
933,Magdalene,Gosnall,mgosnallpw@gov.uk,Agender,1.22.172.87
934,Ivette,Mollison,imollisonpx@list-manage.com,Genderfluid,205.27.179.115
935,Melodie,Quilkin,mquilkinpy@so-net.ne.jp,Female,172.150.75.149
936,Salem,Bollans,sbollanspz@latimes.com,Male,255.123.15.240
937,Marshal,Fowles,mfowlesq0@lulu.com,Bigender,103.82.161.77
938,Annamarie,Scamwell,ascamwellq1@cyberchimps.com,Female,95.6.150.88
939,Genna,Connors,gconnorsq2@bluehost.com,Female,58.183.159.16
940,Marlowe,Riteley,mriteleyq3@nhs.uk,Male,129.237.221.143
941,Zacharie,Petrushkevich,zpetrushkevichq4@hhs.gov,Non-binary,175.91.227.160
942,Morse,Volke,mvolkeq5@oakley.com,Male,161.143.190.90
943,Rosalinde,Beiderbeck,rbeiderbeckq6@discuz.net,Female,165.88.185.183
944,Oneida,Matkin,omatkinq7@prweb.com,Female,70.11.5.24
945,Silvie,Swarbrigg,sswarbriggq8@umich.edu,Female,78.235.59.110
946,Shalne,Keep,skeepq9@scientificamerican.com,Female,46.181.90.190
947,Powell,Thormwell,pthormwellqa@umn.edu,Male,21.182.146.81
948,Morse,Alphege,malphegeqb@sun.com,Male,57.213.45.255
949,Lucius,Chippendale,lchippendaleqc@uol.com.br,Male,255.196.72.61
950,Catharina,Burdus,cburdusqd@cocolog-nifty.com,Female,183.119.208.188
951,Ole,Schirak,oschirakqe@sina.com.cn,Genderqueer,187.82.2.178
952,Kelsey,Adrian,kadrianqf@i2i.jp,Male,13.22.205.44
953,Bethany,Liverock,bliverockqg@de.vu,Female,117.185.127.188
954,Malvin,Esselen,messelenqh@bing.com,Male,221.3.140.146
955,Falkner,Ziebart,fziebartqi@cmu.edu,Male,173.20.220.222
956,Llywellyn,Dyshart,ldyshartqj@smh.com.au,Male,10.108.117.226
957,Murdoch,Norcross,mnorcrossqk@google.com.au,Male,143.77.111.155
958,Phaedra,Thon,pthonql@ning.com,Female,15.211.255.186
959,Gard,Godbert,ggodbertqm@pagesperso-orange.fr,Male,3.78.167.94
960,Ozzie,McCreedy,omccreedyqn@indiatimes.com,Male,44.139.100.9
961,Shellysheldon,Dillon,sdillonqo@google.de,Male,137.249.227.121
962,Donia,Ashbolt,dashboltqp@odnoklassniki.ru,Female,157.192.162.41
963,Silvio,Rosiello,srosielloqq@bandcamp.com,Male,162.213.34.98
964,Ardenia,Drohun,adrohunqr@topsy.com,Agender,154.143.13.92
965,Kira,Pencost,kpencostqs@quantcast.com,Female,235.141.6.62
966,Christoforo,Maycock,cmaycockqt@zimbio.com,Male,10.48.228.74
967,Tammy,Shelborne,tshelbornequ@tuttocitta.it,Male,152.166.124.22
968,Catina,Lukacs,clukacsqv@themeforest.net,Female,67.59.189.178
969,Arlan,Hay,ahayqw@weather.com,Male,170.225.101.102
970,Grady,Crucitti,gcrucittiqx@si.edu,Male,87.245.204.71
971,Esma,Hutley,ehutleyqy@opensource.org,Female,3.222.215.132
972,Gherardo,Hummerston,ghummerstonqz@tamu.edu,Male,208.160.48.92
973,Ambros,Clayton,aclaytonr0@slideshare.net,Male,4.133.184.65
974,Ivie,Burgett,iburgettr1@whitehouse.gov,Female,19.96.191.248
975,Yehudit,MacShirrie,ymacshirrier2@netvibes.com,Male,117.157.38.144
976,Thaine,Ferras,tferrasr3@amazon.co.jp,Male,32.165.209.30
977,Pearline,Dallimare,pdallimarer4@php.net,Genderfluid,33.92.201.178
978,Alyce,Ovitts,aovittsr5@apple.com,Agender,68.40.254.59
979,Sigvard,Domini,sdominir6@google.de,Male,43.210.16.23
980,Ranice,Menego,rmenegor7@eepurl.com,Female,143.164.20.159
981,Jolynn,Simony,jsimonyr8@is.gd,Female,152.215.155.140
982,Pauly,Elsbury,pelsburyr9@technorati.com,Female,139.174.38.242
983,Ingra,Follitt,ifollittra@dell.com,Male,175.205.223.57
984,Jimmy,Tilte,jtilterb@nasa.gov,Male,136.186.145.234
985,Julianna,Matisoff,jmatisoffrc@washington.edu,Female,12.13.71.240
986,Kelby,Gunther,kguntherrd@china.com.cn,Male,135.18.144.63
987,Jeniece,Prydden,jpryddenre@quantcast.com,Female,195.132.51.6
988,Valencia,Grunnill,vgrunnillrf@typepad.com,Female,178.221.216.61
989,Hattie,Waterfield,hwaterfieldrg@cnet.com,Female,13.131.134.44
990,Kerrill,Muzzall,kmuzzallrh@devhub.com,Female,33.240.209.48
991,Annadiane,Tunna,atunnari@arstechnica.com,Female,7.49.160.82
992,Sauncho,McNally,smcnallyrj@themeforest.net,Male,46.196.212.88
993,Robinson,Fullerd,rfullerdrk@elpais.com,Male,2.140.182.220
994,Yanaton,Snartt,ysnarttrl@sourceforge.net,Male,132.41.68.30
995,Nicky,Lambdean,nlambdeanrm@indiatimes.com,Female,144.211.233.82
996,Elbert,Eliet,eelietrn@globo.com,Polygender,189.15.250.85
997,Lisle,Belsher,lbelsherro@wix.com,Male,71.241.76.196
998,Lorrie,Stopp,lstopprp@elegantthemes.com,Male,216.65.42.37
999,Karylin,Ousley,kousleyrq@kickstarter.com,Female,185.230.6.85
1000,Rubia,Woollam,rwoollamrr@guardian.co.uk,Bigender,172.239.52.215
